Name,Age,Gender,Hours_Studied,IQ,Physics_Marks,Math_Marks,Chemistry_Marks,Has_Part_Time_Job
Derek Smith,26,Female,6.596347261,98,68,100,43,TRUE
Christopher Boyle,37,Male,5.672202322,133,44,53,92,TRUE
Bradley Jones,19,Male,6.28258116,89,90,48,57,TRUE
Eric Martinez,21,Male,8.004422425,106,81,88,41,FALSE
Jennifer Ferrell,29,Female,4.322500944,88,41,83,85,TRUE
Ryan Rangel,40,Male,1.854120839,119,58,100,69,TRUE
Marcus King,31,Male,1.557850237,146,75,99,50,TRUE
Jeffrey Foster,30,Female,3.476792054,128,65,91,51,TRUE
Erika Powers,25,Male,5.845069619,133,70,62,43,TRUE
Christopher Thomas,21,Male,2.362735688,129,63,99,97,FALSE
Anna Burns,30,Female,7.987334227,136,81,50,59,FALSE
Kathleen Ward,27,Male,3.678297739,113,50,74,50,TRUE
Michelle Coleman,28,Female,8.891465055,97,55,40,51,TRUE
Kelly Martinez,43,Male,9.925119792,132,99,80,54,TRUE
Paul Young,39,Female,8.19030394,104,90,60,71,FALSE
Emily Oliver,24,Male,4.540682057,115,79,44,77,TRUE
Michael Spencer,36,Male,1.474673969,131,51,72,63,TRUE
Kathryn Glass,43,Female,6.306005904,112,85,80,95,FALSE
Tiffany Singh DVM,24,Male,4.718446731,149,69,60,71,TRUE
Denise Thomas,25,Female,7.469340361,129,81,43,84,FALSE
Christopher Jenkins,32,Male,5.929618571,128,67,45,97,FALSE
Sabrina Hawkins,41,Female,2.34818564,112,46,100,57,TRUE
Benjamin Fowler,34,Male,9.102864064,129,89,69,90,FALSE
James Bowman,45,Female,1.033164373,118,52,100,93,FALSE
Gregory Wilson,45,Male,8.849000019,120,51,91,75,TRUE
Tommy Mckenzie,43,Male,9.474594606,144,65,81,91,TRUE
Karla Myers,27,Male,5.477886334,127,82,98,54,TRUE
Erica Holmes,25,Female,5.687924691,143,92,64,57,FALSE
Dawn Turner,42,Female,2.772193767,111,56,90,54,TRUE
Theresa Kane,24,Male,6.668277326,113,98,95,95,TRUE
Tracy Meadows,39,Male,1.878992373,83,48,73,62,TRUE
Emily Hardin,36,Female,3.669716382,105,92,47,48,TRUE
Vincent Ortiz,20,Female,6.520004171,94,62,43,63,TRUE
Kenneth Thomas,35,Male,1.266611632,80,53,83,91,FALSE
Bailey Oneill,44,Male,3.731330078,82,80,83,63,FALSE
Michael Patrick,30,Female,9.704109445,148,74,100,78,TRUE
Jasmine Weeks,18,Female,7.949190751,106,41,80,97,TRUE
Sean Shepherd,33,Male,8.525534416,126,86,66,52,TRUE
Jacqueline Clarke,44,Female,6.434378865,86,73,81,88,TRUE
Kelly Wright,34,Male,4.152720479,116,55,57,52,FALSE
Monica Berger,22,Female,1.25268823,100,75,89,94,TRUE
Charles Hall,41,Female,9.773034939,126,51,85,84,FALSE
Brenda Grant,43,Female,4.635777541,128,44,62,85,TRUE
Jacob Henry,30,Female,5.700640767,86,59,100,63,FALSE
Angela Carr,35,Male,8.023937781,118,80,86,68,TRUE
Daniel Cook,29,Male,4.353340498,96,41,56,88,FALSE
Todd Miller,45,Male,9.301995528,103,64,50,49,FALSE
Allison Brown,43,Female,7.557785543,121,44,96,96,TRUE
Jim Johns,38,Male,9.296966486,129,53,64,55,TRUE
Amy Daniel,23,Female,7.307875199,123,85,54,96,TRUE
Michael Clark,27,Female,4.222350852,95,60,41,46,TRUE
Todd Taylor,25,Female,4.58259686,116,77,48,78,FALSE
Margaret Robinson,39,Female,4.466319599,84,89,88,97,TRUE
Mark Hunter,32,Male,9.486403964,150,58,56,44,FALSE
Kimberly Leonard,40,Male,1.140014524,110,48,43,88,TRUE
Joseph Taylor,21,Male,6.216709946,93,69,92,50,TRUE
Lisa Saunders,32,Male,9.490203461,113,75,95,46,TRUE
Zachary Gibson,21,Male,3.130029431,129,73,82,82,TRUE
Zachary Thomas,26,Female,4.061033465,108,85,41,75,FALSE
Michael Moses,22,Male,6.261819178,91,100,79,61,TRUE
Abigail Anderson,43,Male,1.319962328,94,59,74,82,TRUE
Samuel Clay,28,Male,6.73855231,106,67,81,55,TRUE
Carol Wilson,18,Male,6.268344562,131,43,97,78,TRUE
Kelly Kaiser,42,Male,2.276434183,101,90,97,77,TRUE
Omar Gutierrez,24,Female,9.725482317,119,98,86,66,TRUE
Eric Williams,26,Female,3.341560898,83,60,85,93,TRUE
Michelle Juarez,36,Male,5.561905512,140,61,94,42,FALSE
Chad Romero,34,Female,6.153000199,93,59,71,93,TRUE
Jerry Gomez,31,Male,2.310449281,145,78,73,45,FALSE
Paul Phillips,41,Female,3.129147259,80,45,66,77,TRUE
Holly Wilson,28,Male,7.158106791,143,48,76,97,TRUE
Jennifer Carroll MD,22,Male,2.36968285,83,86,74,72,TRUE
Jenna Roberts,21,Female,7.772279179,120,64,72,44,FALSE
Barbara Lynn,18,Female,6.782057231,126,65,58,48,TRUE
Victor Fox,39,Female,5.04724826,86,90,49,40,TRUE
Brent Williamson,34,Male,2.664916184,108,90,60,47,FALSE
Jessica Wallace,29,Female,5.372904191,123,63,73,85,TRUE
Robert Johnson,40,Female,3.520414698,133,100,57,90,FALSE
Steven Andersen,43,Female,9.397614872,134,78,45,50,FALSE
Jennifer Wright,28,Female,8.649227294,131,50,45,66,FALSE
Anna Davis,19,Female,1.491361592,95,84,93,75,FALSE
Hannah Perez,29,Female,8.529158486,87,47,68,77,TRUE
Peter Stewart,26,Female,9.290945445,99,96,95,93,FALSE
Annette Smith,26,Female,1.189034768,129,82,84,57,TRUE
Theresa Mendez,18,Female,5.625395707,102,65,86,80,FALSE
Jason Mcbride,45,Male,2.752607294,110,68,65,69,FALSE
Anthony Foster,21,Female,8.917242743,146,84,76,98,FALSE
Sheila Hanson,18,Female,6.463567406,80,62,46,90,TRUE
Karen Rodriguez,44,Female,4.01733623,135,92,89,61,TRUE
Taylor Malone,42,Female,9.82620077,118,71,84,58,FALSE
Heather Mejia,40,Male,2.112095002,132,77,45,51,TRUE
Michael Walker,21,Male,7.513460086,130,97,45,91,FALSE
Kerri Morris,36,Female,7.698630194,99,62,66,63,FALSE
Henry Lee,39,Male,3.311104812,131,57,47,77,FALSE
Charles Barajas,42,Female,8.639542936,90,47,57,67,FALSE
Dr. Anthony Moore,45,Male,9.359339148,137,70,48,96,TRUE
Jennifer Thompson,26,Female,8.523082167,104,44,83,100,FALSE
Kerry Richardson,19,Male,1.51113575,116,83,47,55,FALSE
Melinda Christian,33,Male,4.713355173,117,59,48,51,FALSE
Jennifer Parsons,29,Male,7.281835765,104,40,65,46,TRUE
David Holmes,23,Male,3.526926841,102,99,74,91,TRUE
Michele Dawson,18,Female,6.513114015,114,84,84,63,TRUE
Eric Rodriguez,26,Male,5.143787339,131,95,80,40,TRUE
Brandy Rhodes,37,Female,5.235852717,140,99,68,69,TRUE
Matthew Blake,24,Female,9.080058915,83,72,70,89,FALSE
Timothy Riley,20,Male,7.770638878,106,82,44,56,TRUE
James Bell,24,Male,1.885018818,88,98,100,71,TRUE
William Wilson,40,Female,4.111704697,130,45,64,46,TRUE
Brooke Ward,41,Male,6.230188372,95,99,48,81,FALSE
Diana Branch,38,Female,4.458234516,89,55,44,61,FALSE
Charles Smith,41,Female,8.16402043,128,60,80,47,FALSE
Becky White,25,Male,1.003157689,125,58,44,77,TRUE
Jennifer Turner,18,Male,2.528794882,107,52,63,61,TRUE
Ms. Amanda Freeman,21,Female,3.913251883,92,91,62,51,TRUE
Jennifer Palmer,42,Male,4.282744334,109,74,95,98,FALSE
Jacob Gibbs,21,Male,4.125255514,125,46,60,42,TRUE
Elizabeth Ferguson,37,Male,8.84506663,129,87,98,53,TRUE
Kevin Simon,21,Female,1.593468468,140,42,43,52,FALSE
Katherine Farmer,28,Female,2.982337949,139,59,81,73,FALSE
Jamie Kidd,37,Male,3.243400715,141,50,87,77,FALSE
Edward Stephens,19,Male,2.781059019,147,57,75,92,TRUE
Emily Wilson,44,Male,8.863789876,114,84,61,57,TRUE
John Cook,45,Male,6.632616872,129,61,95,100,FALSE
James Ortiz,26,Female,6.821645763,114,71,96,64,TRUE
Kevin Ferguson,27,Female,3.404731772,111,65,89,69,FALSE
Daniel Rios,22,Male,2.932972045,123,85,54,66,TRUE
Martin Woodard,28,Female,8.533647181,93,99,59,80,FALSE
John Carpenter,29,Female,8.380407274,136,59,59,91,FALSE
Jordan Hampton,34,Male,4.569941877,121,92,85,82,FALSE
James Campbell,24,Female,7.314580158,125,91,62,82,FALSE
Kimberly Evans,36,Female,2.038380629,89,72,41,84,TRUE
Kimberly Ingram,41,Female,1.835705563,142,96,86,77,TRUE
Leroy Cole,41,Female,3.707591366,88,91,65,65,FALSE
Crystal Mcdowell,39,Female,3.913371286,91,52,76,77,FALSE
Daniel Chapman,23,Female,4.642315685,119,78,48,89,FALSE
Traci Chambers,28,Female,6.768783498,88,92,55,73,FALSE
Thomas Barnes,20,Male,2.966299896,91,64,54,99,TRUE
Carlos Robinson,23,Female,9.100714304,113,92,96,54,FALSE
Keith Riggs,44,Female,4.320917,97,53,77,82,TRUE
Alyssa Patel,35,Female,9.65906171,113,54,70,69,FALSE
Danielle Booth,20,Female,2.242967661,84,96,89,78,TRUE
Christina Cain,22,Male,6.028579604,132,100,80,83,FALSE
Jessica Lee,28,Male,4.89642312,135,82,84,52,TRUE
Samuel Jenkins,23,Female,5.207279174,120,70,80,68,TRUE
Julia Lang,40,Female,3.932092966,144,40,86,97,TRUE
David Gregory,42,Female,5.132051744,127,43,67,88,FALSE
Amy Edwards,39,Female,8.168521905,89,87,52,83,FALSE
Bruce Silva,27,Male,5.861406584,87,60,86,99,TRUE
Ryan Johnson,25,Female,9.370324897,135,49,83,47,FALSE
Joshua Brown,43,Female,8.811139261,88,56,84,74,TRUE
James Allen,38,Female,8.15467391,125,42,51,96,FALSE
Glenn Schmitt,31,Male,2.781407474,87,87,90,87,FALSE
Frederick May,42,Male,3.047930173,110,52,51,64,TRUE
Wesley Hubbard,29,Male,9.458996817,98,84,64,72,FALSE
Yesenia Frazier,25,Male,6.978195711,102,72,71,65,TRUE
Aaron Herrera,37,Male,6.572412981,103,64,52,40,TRUE
Elizabeth Ryan,20,Female,6.679313198,148,99,67,58,FALSE
Alison Jones,26,Female,4.471425873,132,83,82,96,TRUE
Lisa Pham,20,Male,4.180492899,116,85,67,77,FALSE
Alexander Mccormick,38,Female,5.003433429,143,46,83,46,TRUE
Mark Williams,40,Female,1.569662314,113,75,75,88,FALSE
Laura Harvey,18,Male,7.651181864,133,72,80,72,TRUE
Courtney Reeves,34,Male,2.521930044,95,40,43,95,TRUE
Sandra Mendez,32,Female,6.890795447,108,79,77,48,TRUE
Alicia Moore,34,Male,3.188427114,93,95,96,80,FALSE
Kaitlyn Hawkins,40,Male,4.631637716,134,78,56,64,TRUE
Bryan Owens,22,Male,6.641189311,97,86,72,40,FALSE
Christopher Rodgers,29,Male,9.004753063,144,88,75,88,TRUE
Richard Rhodes,44,Female,6.214072531,80,93,78,49,FALSE
Danielle Wilcox,27,Female,5.056896809,131,69,97,99,TRUE
Amanda Poole,20,Male,3.682413809,116,71,53,98,TRUE
Michael Stewart,22,Male,2.711811583,145,47,95,81,FALSE
Hayley Brown,41,Female,1.02561115,119,86,87,62,FALSE
Lori Davis,38,Female,1.142517027,125,47,69,91,TRUE
Miguel Morgan,44,Male,2.04719846,135,77,91,46,FALSE
Troy Ortiz,20,Female,5.314528683,100,44,76,78,TRUE
Keith Hudson,37,Male,8.313749545,148,85,89,88,TRUE
Haley James,42,Female,9.845955015,138,47,99,97,TRUE
Jason Garrett,25,Male,1.727867134,131,86,49,93,TRUE
Stephanie Marsh,43,Male,7.691247459,130,82,47,41,FALSE
Ronald Perkins,33,Male,7.848179555,96,78,62,75,FALSE
Christopher Moore,39,Female,8.081310609,122,74,74,95,TRUE
Jack Conley,22,Male,2.636203454,87,81,48,69,FALSE
Brenda Wilcox,39,Male,9.968419682,135,47,75,77,FALSE
William Valdez,27,Female,2.02130648,110,69,69,54,TRUE
Felicia Williamson,29,Male,5.417051974,136,98,63,70,FALSE
Laura Walker,26,Male,4.49085877,107,40,85,89,FALSE
Christopher Anderson,44,Male,7.528217792,83,67,92,47,FALSE
Austin Hardy,41,Female,4.382305949,137,70,94,51,FALSE
April Conrad,43,Male,9.059846882,137,81,52,100,TRUE
Rhonda Powers,22,Female,5.983559103,145,71,84,96,FALSE
Daniel Murphy,21,Male,5.552497477,150,49,59,100,TRUE
Stephanie Johnson,36,Male,1.452107562,144,79,82,52,FALSE
Lori Wolfe,20,Male,8.802234048,136,71,46,74,FALSE
Melissa Boone,40,Male,5.65982764,117,90,92,69,TRUE
Robert Wong,26,Female,1.620374425,105,95,46,89,FALSE
Dr. John Farrell,45,Male,8.807212971,113,83,79,66,FALSE
Kelly Smith,26,Female,6.940333959,138,79,58,83,TRUE
Cody Delgado,21,Male,2.372716896,106,58,48,70,FALSE
Brittany Myers,23,Female,9.66782475,136,96,63,47,FALSE
Peter Miller,25,Male,1.4415018,90,73,70,66,FALSE
Mariah James,32,Female,1.221501353,93,70,49,97,TRUE
Amanda Wallace,20,Female,7.373520021,143,48,83,43,TRUE
Miss Rachel Valencia,39,Female,8.061408772,94,82,64,49,TRUE
Patrick Stewart,30,Male,5.738416348,128,53,45,67,FALSE
Heather White,20,Male,6.235304443,118,96,84,90,TRUE
Tina Ortiz,33,Female,8.05133134,137,46,51,88,TRUE
Nathan Roberson,29,Female,5.238833592,110,53,82,55,TRUE
Alexis Compton,42,Male,3.414813532,131,73,50,73,TRUE
Breanna Silva,18,Female,4.566762472,120,92,85,94,TRUE
Heather Brock,23,Female,6.732336892,104,96,75,68,FALSE
Tracy Hoover,45,Male,5.455469746,132,42,59,62,TRUE
Joseph Cortez,37,Male,8.981893705,95,48,72,89,FALSE
Caitlyn Moreno,21,Male,3.259211586,121,68,100,63,TRUE
Alyssa Zuniga,39,Male,3.601412627,146,95,52,85,FALSE
Evelyn Oneal,28,Male,7.289721791,86,79,43,86,FALSE
Nicole Walker,42,Female,8.359035968,144,93,89,78,FALSE
Breanna Wright,42,Female,8.393525252,125,51,75,94,TRUE
Robert Nelson,22,Male,8.686292848,107,61,97,80,FALSE
Stephanie Daugherty,20,Female,5.9030559,93,48,69,75,FALSE
Tracey Gutierrez,28,Female,5.857341582,129,57,95,44,TRUE
Brooke Thomas,35,Female,6.067809577,111,52,43,71,TRUE
Stacy Evans,27,Female,6.764363208,108,40,89,43,TRUE
David Brown,31,Male,2.077605366,137,60,74,45,TRUE
Jessica Spears,19,Male,6.990349914,134,78,50,75,TRUE
Melvin Glass,34,Male,8.567738011,143,56,52,51,TRUE
Ricardo Martin,33,Female,5.417390589,143,78,98,84,TRUE
Monica Ramirez,32,Male,9.997769278,91,61,77,55,TRUE
Evelyn Cook,42,Male,8.297481196,146,86,58,83,TRUE
James Frye DDS,38,Female,1.222423249,148,43,45,81,TRUE
Holly Ward,19,Male,9.782647985,102,77,61,81,TRUE
Eric Ramsey,36,Female,5.440059133,121,71,84,67,TRUE
Jay Santiago,42,Female,6.042927116,115,69,42,44,TRUE
Mitchell Merritt,21,Male,1.22931795,137,93,93,80,FALSE
Audrey Lee,19,Male,8.945687319,101,90,73,74,TRUE
Kayla Rose,43,Male,3.2456896,147,50,69,43,TRUE
Daniel Owens,24,Female,2.58030531,126,77,42,87,FALSE
Brittany Morrow,45,Female,2.68049783,113,72,61,83,TRUE
Rachel Mccann,39,Male,6.926571102,106,60,92,57,TRUE
Devin Murphy,45,Female,2.899185708,118,47,55,58,FALSE
Phyllis Lee,21,Male,1.842235616,102,75,87,83,TRUE
Billy Morris,21,Female,4.702884078,124,59,47,76,TRUE
Kristin Roman,38,Female,2.526471982,140,41,94,67,FALSE
Russell Tapia,27,Male,2.066060162,137,83,58,52,TRUE
Devon Oliver,38,Male,3.947483056,122,69,61,78,TRUE
Katherine Morrison,26,Female,4.870726288,102,53,96,52,TRUE
Madison Krause,28,Female,6.598504554,104,54,40,69,TRUE
Andre Ward,33,Male,1.118468096,119,71,65,55,FALSE
Richard Anderson,25,Female,4.600359754,134,62,93,66,TRUE
Thomas Li,25,Female,6.305432637,135,66,67,69,FALSE
Christopher Chavez,26,Male,1.024060897,85,80,70,78,FALSE
David Gonzalez,35,Female,1.43203143,128,95,60,82,FALSE
Stacey Collier,34,Male,6.254987706,94,79,63,97,FALSE
Kathryn Matthews,37,Female,4.165907306,113,43,64,74,FALSE
Thomas Harvey,35,Female,4.152313628,137,63,88,71,FALSE
Stephen Williams,20,Male,6.283899672,123,93,41,97,TRUE
Brittany Paul,29,Male,2.046936627,146,67,42,58,FALSE
Mr. Jim Marshall MD,25,Female,4.664860558,138,46,48,62,FALSE
Emily Washington,41,Male,3.834299561,142,73,72,82,FALSE
Bryan Hernandez,37,Female,6.482793204,97,87,59,92,FALSE
Kristina Francis,41,Male,7.335618459,110,84,66,93,TRUE
Robert Bradshaw,27,Female,7.438823154,112,90,69,72,TRUE
David Garcia,44,Male,1.271511955,80,46,61,96,FALSE
Courtney Davis,35,Female,3.416108683,111,47,89,44,TRUE
Grace Carter,29,Male,3.651025909,86,77,84,44,TRUE
Megan Robinson,38,Male,3.362549373,120,42,80,62,TRUE
Tonya Burton,26,Male,2.738814097,137,86,53,62,TRUE
Brett Crane,31,Female,2.430239387,125,49,69,47,FALSE
Sean Casey,21,Male,7.503275046,95,65,80,44,FALSE
Thomas Small,36,Female,8.755634159,141,41,97,85,FALSE
Valerie Davis,26,Female,1.346095606,117,98,99,67,TRUE
Zachary Shannon,28,Male,5.082769842,92,55,48,74,TRUE
Dawn Matthews,27,Male,8.900959873,135,70,57,86,TRUE
Jessica Frye,33,Male,6.144451387,92,54,52,48,FALSE
Brett Anderson,28,Female,6.732978093,103,54,97,55,FALSE
Timothy Jenkins,39,Female,6.483393156,113,80,88,88,FALSE
Ronnie Burton,24,Female,2.066919121,98,63,52,75,TRUE
Tammy Watkins,37,Male,7.293241436,83,86,40,83,TRUE
Nathaniel Irwin,28,Female,9.939918391,86,53,40,57,FALSE
Sonya Russell,28,Female,7.83006245,89,90,54,92,TRUE
Clayton Smith,36,Female,1.265815526,132,100,76,91,FALSE
William Hamilton,21,Male,3.07809634,136,87,73,86,TRUE
Cheryl Reyes,29,Female,4.498461621,148,51,90,44,TRUE
Michael Brown,35,Female,5.138411636,122,43,93,45,TRUE
John Moody,19,Female,3.169717559,143,100,58,48,FALSE
Kayla Thompson,44,Female,2.439661049,114,75,83,86,TRUE
Nicholas Hahn,38,Male,3.878823128,86,44,41,59,FALSE
Timothy Roth,33,Female,7.93248167,107,67,48,93,FALSE
Amber Bryan,42,Male,5.980300995,85,55,48,51,FALSE
Jennifer Williams,20,Female,1.987971329,132,70,71,65,FALSE
Melissa Frazier,44,Male,7.365645686,114,63,84,99,TRUE
Kelly Fisher,34,Male,8.116959409,103,91,96,53,TRUE
Michael Lee,37,Female,7.197807519,102,80,65,80,FALSE
Tracy Graham,26,Female,2.817231877,95,49,41,97,TRUE
Randall Evans,37,Female,2.173780075,114,50,90,91,FALSE
Robert Espinoza,27,Male,7.3875951,118,90,76,88,TRUE
Brittany Pacheco,28,Male,3.009728804,112,68,69,66,FALSE
Daniel Owen,41,Male,4.196509476,91,91,66,42,TRUE
Ashley Bishop,43,Female,3.97477455,85,46,80,95,FALSE
Daryl Hayes,26,Male,2.055275834,126,91,85,100,FALSE
Maria Oliver DVM,22,Male,4.411326911,118,71,84,47,FALSE
Martin Salinas,36,Female,6.027085552,136,51,41,55,TRUE
Jonathan Ali,42,Male,9.058160246,99,51,73,73,FALSE
Christopher Garcia,18,Female,6.501795224,148,77,70,83,FALSE
Timothy Howard,35,Female,1.479142425,110,42,76,68,FALSE
Steven Clay,43,Male,3.991630796,110,77,75,99,FALSE
Victor Wilson,28,Male,6.324442136,114,58,70,82,FALSE
David Garcia,30,Female,3.083229059,102,87,71,52,FALSE
Jason Perez,21,Male,7.316643157,134,90,44,82,FALSE
Brian Mckinney,26,Male,7.458841852,96,48,90,75,TRUE
Amanda Morrison,22,Female,5.818311605,90,44,71,98,FALSE
Tonya Huff,39,Male,5.385655022,113,83,55,100,FALSE
Marissa Combs,34,Female,1.872658607,116,60,78,70,FALSE
Christopher Hicks,27,Female,3.478022393,128,78,87,56,FALSE
Lee Simmons,26,Male,1.454155196,105,95,59,59,TRUE
Kendra White,32,Female,5.940151188,91,61,89,52,FALSE
Ronald Anderson,22,Male,8.669866595,133,96,44,72,FALSE
Karen Walker,19,Male,8.563054109,97,75,91,52,TRUE
Suzanne Torres,18,Male,7.511029771,118,61,84,62,FALSE
Jennifer Snyder,34,Male,6.297558603,107,99,73,40,TRUE
Lisa Green,39,Male,3.575292939,119,56,58,91,FALSE
Stephen Silva,36,Male,9.543059571,134,42,50,76,TRUE
Jim Mcdaniel,25,Male,7.243010707,141,69,88,40,TRUE
Kevin Mcpherson,40,Female,3.892052156,81,77,73,83,FALSE
Brian Martin,33,Female,5.858780666,99,90,42,48,TRUE
Annette Wilson,30,Male,7.961868332,121,80,52,58,TRUE
Jonathan Mendez,32,Male,9.2113503,93,86,86,80,FALSE
Kathryn Bautista,36,Female,9.658464711,81,94,77,70,TRUE
Julie Moore,22,Male,2.280271032,105,77,48,45,FALSE
Joel Fisher,33,Male,5.868892774,133,93,76,98,FALSE
Manuel Thomas,29,Male,4.823233512,124,46,55,49,FALSE
Benjamin Lloyd,43,Female,3.096764883,87,46,60,65,FALSE
Lauren Reed,27,Male,7.781688916,107,83,94,72,FALSE
Xavier Murphy,19,Female,4.136595628,132,42,49,71,FALSE
Jonathan Gonzalez,38,Male,6.61100951,110,87,75,49,TRUE
Lisa Martin,44,Female,2.31300112,107,100,72,84,FALSE
Brian Price,42,Male,7.904040951,82,61,49,62,TRUE
Jessica Walker,42,Male,2.926218098,122,77,50,40,TRUE
Joshua Vang,45,Female,6.928590412,102,79,52,100,FALSE
Jeffrey Alvarez,34,Female,6.582741852,117,85,64,66,FALSE
Natasha Vance,31,Male,7.911036593,80,56,55,53,FALSE
Madison Willis,45,Female,2.13543883,109,45,77,83,FALSE
Travis Vaughn,42,Female,2.94135532,110,58,67,100,TRUE
Lauren Miller,23,Male,2.897022216,135,63,86,49,TRUE
Michael Russell,18,Female,5.683661192,103,78,85,66,FALSE
Kimberly Oliver,43,Male,1.678019693,132,54,74,89,TRUE
Melinda Daniels,35,Female,2.489865762,115,93,78,84,TRUE
Mary Marshall,36,Male,2.94289251,108,57,100,80,FALSE
Wanda Hurst,41,Female,4.759085751,99,47,73,99,TRUE
Wanda Townsend,42,Male,3.284365024,104,54,47,88,FALSE
Damon Love,24,Male,9.690731396,110,54,74,66,TRUE
Mrs. Stephanie Jones,26,Male,4.915633798,127,88,82,93,TRUE
Valerie Wilson,27,Female,6.497050109,109,62,92,55,TRUE
Mark Kelley,45,Female,6.673522051,136,75,100,96,TRUE
Roy Marsh,42,Male,3.158717559,147,91,63,53,TRUE
Dustin Thomas,30,Female,2.908351149,94,50,68,83,TRUE
Sean Gomez,29,Male,2.481404545,83,78,85,87,FALSE
Michael Brooks,29,Female,1.342137252,142,47,76,89,TRUE
Steven Blake,44,Female,6.569974086,107,92,90,91,FALSE
Travis Barry,34,Female,4.13353426,109,87,40,62,FALSE
Laura Pineda,44,Female,1.241985392,122,45,81,52,FALSE
Andrea Wright,25,Female,6.957547524,145,69,76,50,FALSE
Mr. Christopher Ellis Jr.,27,Male,3.945470757,121,52,42,51,FALSE
Wendy Duncan,42,Female,4.844353762,119,91,44,73,TRUE
Kimberly Morgan,25,Female,5.310230398,92,58,95,75,TRUE
Jessica Wilson,36,Female,5.849701331,123,54,40,58,FALSE
David Brewer,35,Female,4.700774341,133,40,84,96,FALSE
Benjamin Townsend,39,Female,8.138156871,82,65,94,92,TRUE
Heather Wallace,42,Male,1.269962756,138,91,68,74,FALSE
Sean Spence,41,Female,1.876503963,125,55,44,86,TRUE
Chad Garcia,34,Female,4.688248876,127,48,95,56,TRUE
Nicholas Castro,34,Male,1.739030809,137,72,44,51,FALSE
Angelica Martin,26,Male,7.995010986,119,49,73,65,TRUE
Kristopher Collins,38,Male,7.788910859,97,91,41,87,TRUE
William Simpson,29,Female,1.573263854,145,75,82,51,FALSE
Douglas Alvarado,39,Female,4.012418532,135,83,71,78,FALSE
Yvonne Lopez,25,Male,3.618046531,90,54,41,58,TRUE
Cathy Davis,32,Female,6.255642325,83,98,48,97,FALSE
David Hansen,42,Male,7.321685271,139,43,84,42,FALSE
Angela Burns,40,Female,6.438009064,124,73,57,48,FALSE
Teresa King,26,Female,3.749055206,86,71,96,43,FALSE
Andrew Roberts,26,Female,7.485020499,122,82,100,75,FALSE
Charles Brown,29,Male,7.030475022,93,81,95,95,FALSE
Kristy Perry,20,Male,3.301604985,138,47,71,81,FALSE
Erika Kim,29,Male,2.826689841,140,69,43,45,FALSE
Emily Lamb,24,Female,6.481757677,142,70,67,66,TRUE
Megan Rose,22,Female,3.362270347,115,48,78,92,FALSE
Christopher Doyle,30,Female,2.264440053,110,48,79,49,FALSE
Kevin Garcia,39,Female,9.284166857,107,74,66,86,FALSE
Jacob Davidson PhD,38,Female,5.504462743,149,91,83,94,FALSE
Brett Lopez,27,Female,7.013312542,130,74,67,80,FALSE
Brittany Brady,38,Male,1.674459322,136,65,98,98,TRUE
Christopher Perez,39,Female,6.610673167,89,80,63,73,TRUE
Julie Jimenez,40,Male,5.063453841,93,88,58,73,TRUE
Timothy Ramos,45,Female,2.162409666,135,81,77,48,FALSE
Connie Jones,38,Male,7.081200451,124,74,60,57,FALSE
Amanda Walton,36,Female,4.366846528,84,89,74,71,FALSE
Lee Mejia,23,Female,8.135400014,107,67,47,59,TRUE
Kimberly Long,43,Male,1.923965504,143,59,79,64,FALSE
Thomas Gibson,26,Female,7.867753104,92,52,100,92,TRUE
Keith Mueller,45,Female,4.324211613,109,78,70,86,TRUE
Brittany Johnson,40,Male,9.080753603,100,88,55,68,FALSE
Anna Webb,27,Male,1.572887838,137,63,70,93,FALSE
Jessica Hart,28,Female,7.250309368,143,87,71,61,TRUE
Samantha Marsh,29,Male,6.603329293,101,94,96,64,TRUE
David Daugherty,25,Male,5.527880812,130,63,74,88,FALSE
Donald Cameron,45,Male,3.363321539,89,84,79,62,TRUE
Elizabeth Gonzalez,34,Male,5.659658898,90,89,53,66,TRUE
Lori Grimes,29,Female,9.087303796,93,50,65,46,FALSE
Jessica Hanna,21,Male,4.240331626,123,71,57,88,FALSE
Juan Wilson,32,Female,9.457855438,143,68,56,79,FALSE
Jimmy White,34,Male,8.858234302,117,71,89,75,FALSE
Bryan Smith,31,Male,4.311830845,126,40,85,66,FALSE
Tammy Alexander,38,Male,4.394839831,97,89,97,80,TRUE
Sarah Thomas,18,Male,3.304989696,143,48,90,65,FALSE
April English,35,Male,3.202215547,123,88,56,68,TRUE
Tyrone Hanson,33,Female,1.595607131,97,74,54,51,FALSE
Jason White,44,Female,7.007039429,110,48,68,65,FALSE
Jason Leon,36,Female,5.383821008,85,46,95,100,TRUE
Melissa Hernandez,33,Female,2.310228948,92,85,58,77,FALSE
Renee Parsons,38,Female,6.378608627,93,54,90,79,FALSE
Laura Bentley,37,Male,6.72149681,129,68,80,76,TRUE
Ryan Clark,45,Male,7.802608425,116,94,77,82,FALSE
Paul Garcia,38,Female,8.340976202,117,60,80,91,FALSE
Jennifer Mcdonald,18,Female,3.946159291,99,69,54,81,FALSE
Deanna Jennings,31,Female,4.612913038,142,98,81,76,TRUE
Michael Miller,21,Female,5.067410085,141,43,61,96,FALSE
Ricky Greene,40,Female,2.891924568,103,71,73,51,TRUE
Lisa Ford DVM,38,Male,4.9286412,123,61,84,49,TRUE
Amy Vega,21,Male,9.48327046,80,81,70,66,FALSE
Crystal Scott,34,Male,1.394612643,135,75,71,78,FALSE
Mary Lawson,44,Female,8.221902842,141,87,54,82,FALSE
Angelica Daniel,29,Male,9.542225762,96,88,54,93,FALSE
Jerry Merritt,26,Male,1.718232053,86,98,99,77,FALSE
Cynthia Powell,19,Male,5.989083867,132,58,67,78,FALSE
Anna Harris,28,Female,7.141049738,118,46,84,87,FALSE
Jessica Gonzalez,28,Female,5.767338665,88,89,61,92,TRUE
Allison Mcmahon,19,Male,4.822626938,119,46,75,71,FALSE
Lauren Jimenez,32,Male,6.091204615,93,52,89,77,TRUE
Haley Thompson,42,Male,1.142139369,82,92,77,55,FALSE
Anthony Davis,45,Male,9.112861782,97,64,42,84,TRUE
Ashley Torres,34,Male,4.721501681,114,42,59,84,FALSE
Marcus Yu,39,Female,5.206563972,94,66,51,76,FALSE
David Swanson,26,Female,6.690799113,121,73,95,48,TRUE
Allen Wood,41,Male,6.479839568,96,71,98,98,TRUE
Kimberly Robinson,24,Male,8.432859486,104,81,43,81,FALSE
Paul Olson,33,Male,8.510554106,143,52,98,100,FALSE
Benjamin Walton,44,Male,4.313463189,113,100,76,96,TRUE
Amanda Lyons,18,Male,9.152009715,112,92,55,41,TRUE
Edward Ritter,43,Female,1.858671796,143,85,56,100,TRUE
Sylvia Boyd,19,Female,1.57916393,103,47,47,63,TRUE
Bryan Jordan,33,Female,3.658487496,91,46,85,75,TRUE
Ryan Reynolds,31,Male,2.852211049,90,93,79,45,TRUE
Melissa Porter,25,Female,1.532337558,97,57,44,48,TRUE
Joshua Carlson,37,Female,8.123451936,122,54,85,64,TRUE
Rachel Boone,33,Male,4.64743521,103,53,50,51,FALSE
Robert Clarke,40,Female,2.449515618,142,81,67,46,FALSE
Melissa Simpson DVM,25,Female,5.667130558,100,62,48,41,FALSE
Andrew Bradley,31,Female,2.116148028,88,86,96,47,FALSE
Jane Martin,43,Male,5.527387167,88,79,43,87,FALSE
Erika Stephens,29,Female,5.249965158,85,55,76,53,TRUE
Maureen Beasley,26,Female,4.148900376,128,59,62,77,FALSE
Brandon Ayala,18,Male,6.217657935,107,93,75,52,FALSE
Veronica Mcdonald DDS,32,Male,5.903523413,130,69,52,58,FALSE
Samantha Gardner,41,Male,9.648225342,106,60,65,78,TRUE
Jamie Bowman,23,Male,7.981358,123,72,71,71,TRUE
Colton Castro,27,Female,2.039376132,140,69,80,48,TRUE
Jacob Wright,21,Male,5.427101885,133,67,72,47,FALSE
Samuel Foley,24,Female,8.293247364,148,42,56,52,TRUE
Patrick Brown,42,Female,8.398057663,142,54,84,90,FALSE
Emily Nixon,28,Female,1.096622057,145,82,43,40,TRUE
Christina Larson,39,Male,5.774918182,135,84,92,59,TRUE
Patrick Wilson,34,Female,4.41584552,102,83,74,71,FALSE
Jennifer Powell,22,Female,7.321067959,117,82,53,72,FALSE
Sara Lynch,29,Female,6.71748997,124,71,48,41,FALSE
Susan Cohen,35,Male,3.203596667,100,45,57,78,FALSE
Raymond Moreno,41,Male,5.199590602,84,42,74,56,FALSE
Susan Luna,43,Male,2.56631838,123,100,77,97,TRUE
Yesenia Peterson,31,Female,5.760752041,103,90,95,77,FALSE
Amanda Cook,28,Female,6.626272404,115,62,78,53,TRUE
Nicole Haas,37,Male,2.801654506,130,89,56,51,FALSE
Melvin Wolf,33,Female,3.735608864,126,76,49,50,TRUE
Thomas Robinson,18,Female,7.005874111,112,44,42,53,FALSE
Amber Gonzalez,26,Female,8.264011581,82,93,70,81,FALSE
Raymond Travis,24,Female,8.250568475,106,74,48,52,FALSE
Angela Lee,37,Male,4.162156899,119,63,73,75,FALSE
Cody Palmer,21,Female,4.407954818,138,99,62,60,FALSE
Robert Vasquez,41,Female,5.210017964,130,59,91,74,FALSE
Tyrone Stewart,37,Male,8.49047194,129,84,51,64,TRUE
Kelly Osborn,30,Female,9.283632308,100,88,77,68,FALSE
John Ruiz,18,Male,7.264148285,124,89,59,80,FALSE
David Edwards,24,Male,8.413845316,113,72,94,40,FALSE
Jason Banks,19,Female,3.98492909,85,61,65,70,FALSE
Cody Glass,41,Female,7.795940636,107,56,42,73,FALSE
Karen George,40,Female,4.79465013,112,53,52,69,TRUE
Gary Robinson,40,Male,9.938729369,149,98,76,59,TRUE
Brandi Smith,34,Male,2.663230794,125,52,87,68,TRUE
Aaron Foster,19,Male,5.390984915,86,52,81,44,FALSE
Marie Miller,27,Female,5.819180598,122,79,55,82,TRUE
Edward Ramirez,41,Male,5.000146146,107,78,72,59,FALSE
Jason Ashley,22,Male,7.857262981,139,86,54,89,FALSE
Veronica Johnson,23,Female,8.56327918,127,47,88,46,TRUE
Dr. Robert Parker,32,Female,2.5025944,128,63,100,65,FALSE
Terry Hickman,21,Male,4.996863685,127,47,90,75,FALSE
Suzanne Rios,29,Male,6.620104659,124,74,69,86,TRUE
Michael Moyer,21,Female,6.922492628,123,42,100,75,FALSE
Danielle Bowers,33,Male,1.523832617,146,94,92,74,TRUE
Benjamin Riley,28,Male,3.340151956,118,60,95,52,TRUE
Erin Thompson,44,Female,2.928626298,108,95,82,77,FALSE
Janet Scott,23,Female,4.884864976,97,59,78,44,FALSE
Robert Perez,19,Male,7.608830596,146,60,96,82,TRUE
Lindsay Mccoy,32,Male,6.479362538,126,70,88,52,FALSE
Terry Larsen,41,Female,9.198296266,134,40,56,92,FALSE
Autumn Villarreal,38,Female,6.255147415,83,71,69,43,FALSE
Rhonda Benton,20,Female,2.563028953,138,96,70,46,TRUE
Zachary Mcintyre,19,Male,2.423218261,87,41,90,90,TRUE
Eric Miller,21,Male,1.317822539,113,45,87,48,TRUE
Jill Olson,41,Male,5.380180972,121,87,79,78,FALSE
Theresa Woods,21,Female,4.461921234,127,54,90,55,FALSE
Noah Davis,33,Female,8.981354733,123,60,97,52,FALSE
Jasmine Miller,19,Male,2.881441048,110,78,95,40,FALSE
Rachel Martinez,19,Male,6.690837284,130,75,87,52,TRUE
Jeff Walker,31,Female,8.011109973,94,59,81,99,FALSE
Joseph Calderon,28,Male,6.165746228,128,76,88,58,TRUE
Nichole Lawson,31,Female,6.323005279,112,74,63,70,FALSE
Evan Hickman,33,Female,7.776799409,106,66,62,70,TRUE
Zachary Cruz,21,Female,2.470095381,126,49,84,60,TRUE
Joshua Osborn,35,Male,4.995330237,102,87,99,100,TRUE
Jerome Hunter,27,Female,2.199276951,105,86,54,85,TRUE
Linda Rivera,39,Male,4.96740076,105,53,84,91,TRUE
John Ruiz,43,Female,5.504410978,82,80,50,79,FALSE
Kristen Bryan,38,Female,2.337587741,128,75,99,53,FALSE
Brianna Brown,40,Male,6.389428474,123,97,68,76,TRUE
David Walsh,32,Female,7.542149262,145,79,68,61,FALSE
Joseph Thomas,23,Female,6.493405601,147,45,77,80,TRUE
Mary Ray,29,Male,6.945863881,85,98,62,82,TRUE
Adam Hernandez,34,Male,3.963864738,146,71,90,89,FALSE
Eugene Brown PhD,32,Female,5.750395999,138,76,84,67,FALSE
Mark Reed,18,Female,4.122292247,90,55,79,55,TRUE
Susan Lawrence,26,Male,7.98637411,134,43,71,74,FALSE
John Boyd,28,Male,9.560030076,93,45,56,40,FALSE
Christopher Baird,27,Male,6.676806742,149,40,83,89,FALSE
Kelsey Lopez,23,Male,4.395882717,107,68,81,66,FALSE
Melissa Mason,24,Male,5.863631926,103,69,93,74,FALSE
Wayne Maxwell,37,Male,3.046063144,128,62,62,56,TRUE
Tyler Johnson,26,Male,2.086119994,103,61,71,86,TRUE
Michele Olson,20,Female,9.557378414,122,78,74,58,FALSE
Sandra Lopez,28,Male,5.86099462,109,59,76,90,TRUE
Debbie Aguirre,31,Male,3.780609542,106,53,41,51,FALSE
Evelyn Castillo,43,Female,8.834264458,120,79,89,63,FALSE
Ryan Duncan,19,Male,4.569247585,119,54,48,91,TRUE
Victoria Peterson,22,Female,3.867193689,128,41,82,86,TRUE
Amanda Chapman,28,Female,6.01159252,135,61,80,58,TRUE
Andrea Gates,23,Female,8.831826828,124,76,92,93,FALSE
Harry Alexander,23,Male,2.746274771,105,56,65,94,TRUE
David White,39,Male,7.919904112,114,95,66,89,TRUE
Anthony Smith,20,Male,3.856103152,122,47,83,75,TRUE
Jeanette Hart,24,Female,7.179327888,134,41,94,77,FALSE
Jennifer Jacobs,31,Male,9.599917486,83,69,61,60,TRUE
Michael Harding,35,Male,9.756888023,129,73,99,40,TRUE
Phyllis Baird,27,Female,3.138228052,80,63,76,51,FALSE
Katherine Washington,20,Male,5.09113828,94,58,77,81,FALSE
Eric Bryan,27,Male,3.848404507,102,91,45,70,FALSE
Carol Gilbert,36,Female,7.819995315,133,45,86,44,FALSE
Edwin Lowe,45,Male,6.642780707,121,82,67,56,TRUE
David Perez,26,Female,5.813073549,83,72,81,54,FALSE
Matthew Harris,28,Male,1.474254736,90,84,93,80,FALSE
Cassandra Cunningham,39,Female,1.171403672,128,87,92,97,FALSE
Elizabeth Perkins,43,Female,9.140821022,120,69,99,83,FALSE
Michael Pham,36,Female,7.589662353,110,65,75,43,FALSE
Lisa Thompson,45,Male,9.595068912,146,75,86,89,TRUE
Carla Parrish,20,Female,8.327361287,142,44,66,74,TRUE
Stacey Farmer,20,Female,9.317992715,140,86,82,79,FALSE
Kara Carter,24,Female,3.55415874,81,77,61,87,TRUE
Charles Anderson,29,Male,9.807167005,115,77,55,79,TRUE
Edward Rhodes,19,Male,8.810688548,146,55,44,71,TRUE
Patrick Garza,30,Male,2.387732399,94,98,96,47,TRUE
Lisa Orr,45,Female,3.318290983,127,67,90,83,TRUE
Ruben King,23,Female,1.463203054,103,57,94,53,FALSE
Matthew Reyes,39,Male,5.126613236,140,67,51,84,TRUE
Michael Mann,24,Female,5.401014025,133,69,52,66,TRUE
John Paul,22,Male,6.452996035,133,70,79,44,TRUE
Jeffrey Ellis,29,Female,1.777049909,107,73,99,81,FALSE
Kathryn Thomas,24,Male,8.187173798,97,82,95,44,TRUE
Perry Burton,19,Male,6.222248521,82,44,47,84,FALSE
Mariah Ruiz,37,Male,2.648881907,149,70,53,76,FALSE
Sarah Patel,38,Male,6.667040992,118,86,75,68,FALSE
Autumn Mason,29,Female,5.273194457,80,42,51,83,TRUE
John Peterson,24,Male,7.999238121,101,78,76,51,FALSE
Ryan Jimenez,33,Female,1.646149152,142,41,43,48,TRUE
Brian Rodriguez,39,Female,1.226343929,127,61,95,56,TRUE
Stephanie Estrada,20,Female,3.034755257,144,76,79,94,TRUE
John Ortiz,35,Male,1.931846082,129,60,41,47,FALSE
Jasmine Figueroa,23,Female,1.305996296,105,42,53,64,TRUE
Emily Cantrell,35,Male,1.918488962,150,99,83,79,FALSE
Kevin Vargas,27,Female,3.756135675,102,97,77,51,FALSE
Tracy Williams,35,Male,6.914090733,89,74,62,85,FALSE
James Cabrera,27,Female,8.075668486,149,55,83,83,FALSE
Jennifer Valencia,26,Male,7.128789566,145,48,93,80,TRUE
Jacob Wilson,27,Female,9.889041148,98,45,94,85,TRUE
Carol Hughes,20,Female,2.747157059,103,54,100,52,FALSE
William Bradshaw,41,Male,8.300454748,90,67,56,49,TRUE
Timothy Carlson,21,Female,4.859401935,142,60,77,49,FALSE
Ronald Knox,40,Male,7.314356604,111,53,73,55,FALSE
Heather Atkins MD,30,Male,3.660499917,95,66,65,57,TRUE
Melissa Smith,38,Female,4.838153107,80,100,47,65,FALSE
Nicole Elliott,28,Female,7.05309308,109,50,87,73,FALSE
Thomas Wells,18,Male,9.741538774,134,96,77,73,TRUE
Christina Martin,35,Female,8.422863334,135,91,76,90,TRUE
Maria Hughes,39,Female,9.184914093,121,48,82,87,TRUE
Elizabeth Miranda,41,Female,4.183593023,129,56,96,60,FALSE
Thomas Warren,28,Female,3.977975711,83,80,96,96,FALSE
Elizabeth Marshall,19,Male,6.312231975,106,60,64,55,TRUE
Megan Sellers,23,Male,7.14565689,127,40,100,56,TRUE
Ryan Dunn,45,Male,7.468750113,84,85,79,81,FALSE
Rebecca Day,21,Female,3.403896209,107,98,97,67,TRUE
Dr. Jason Wallace,32,Male,7.284624697,100,91,46,90,FALSE
Thomas Smith,19,Male,2.665294042,99,68,99,92,FALSE
Joseph Snyder,29,Female,9.18276867,131,97,54,64,FALSE
Kelsey Coleman,37,Male,7.28758836,118,44,71,46,FALSE
Troy Atkinson,40,Male,5.10414011,145,48,90,42,FALSE
Richard Moore MD,44,Female,3.533387258,109,90,56,50,TRUE
Thomas Fleming,38,Male,3.095679565,108,56,99,76,TRUE
Blake Dixon,38,Male,4.764801323,110,48,85,56,TRUE
David Brown,42,Female,9.493072024,103,84,70,45,FALSE
Brian Thompson,31,Female,3.473506032,91,88,98,61,TRUE
Jennifer Boone,40,Male,4.178837843,117,51,87,92,FALSE
Raven Moore,38,Female,5.493164073,109,96,91,56,TRUE
Matthew Gates,25,Female,4.315895437,87,92,57,68,FALSE
Michelle Joseph,25,Female,4.499463623,141,97,47,59,FALSE
Bryan Santiago,24,Female,3.980326173,90,97,56,64,TRUE
Diana Butler,25,Female,1.152551145,100,79,54,64,TRUE
Wesley Hill,30,Male,7.281451473,103,42,43,63,FALSE
Tiffany Quinn,20,Male,3.305523207,135,81,71,45,FALSE
Steve Hill,39,Male,8.510921396,125,83,83,54,TRUE
David Macdonald,21,Female,4.888037192,109,56,80,67,TRUE
Matthew Curtis,31,Male,9.989845723,150,71,62,99,TRUE
Stacey Vargas,29,Female,9.837094364,103,64,70,90,FALSE
David Andrade,18,Female,1.746325685,107,73,43,88,FALSE
Matthew Flores,29,Female,8.715692855,117,55,41,76,TRUE
Jeff Turner,25,Female,3.366768585,122,85,85,64,FALSE
Ashley Jones,41,Female,2.146699736,92,86,63,86,FALSE
Melissa Davidson,40,Female,5.139307728,114,84,75,51,FALSE
Daniel Serrano,28,Male,9.42331781,131,50,76,55,TRUE
Lindsay Brown,42,Female,6.656624165,117,72,49,46,FALSE
Jessica Hubbard,40,Male,8.686208901,135,57,72,47,TRUE
Larry Duarte,22,Female,2.439181607,117,54,97,98,FALSE
Nicholas Morgan DVM,44,Female,2.92184149,84,94,79,75,TRUE
Ian Spears,40,Female,8.117980285,111,98,49,85,FALSE
Michael Curtis,22,Female,6.452157406,107,48,57,59,TRUE
Jacob Lopez,31,Male,2.124344048,145,83,91,44,TRUE
Gabriela Mcmillan,36,Female,9.345532847,140,41,73,64,TRUE
Christy Schmidt,44,Male,1.303564068,131,77,70,62,TRUE
Barbara Carson,45,Female,8.784952109,128,47,63,62,FALSE
Diana Wilson,39,Female,1.396530458,122,52,95,58,TRUE
Sandra Miller,22,Male,1.955959628,106,44,50,65,FALSE
Teresa Noble,32,Female,6.903998353,88,47,41,44,TRUE
Stephanie Rogers,35,Female,2.387926901,118,80,68,87,TRUE
Dominic Patterson,35,Female,2.986966289,105,45,80,86,FALSE
Timothy Blanchard,21,Female,6.575396451,141,59,83,89,FALSE
Brittney Clayton,44,Female,9.339898247,109,53,90,96,TRUE
Jacqueline Lowe,20,Male,5.980900844,93,93,97,64,TRUE
Timothy Moreno,37,Female,1.238979602,140,50,86,98,TRUE
Brandon Roy,34,Male,6.700628131,118,76,62,92,FALSE
Brenda Sexton,32,Female,4.009206053,144,55,51,41,FALSE
Gerald James,18,Female,7.051779675,109,55,79,81,FALSE
Eric Romero,33,Male,1.861350547,127,47,82,89,FALSE
Daniel Noble,34,Female,7.538694962,122,46,78,88,FALSE
Barbara Martinez,29,Male,1.664391943,118,62,61,78,TRUE
Elizabeth Weaver,41,Male,8.022138391,80,87,96,65,TRUE
Stephanie Johnson,34,Male,2.463912166,130,76,75,90,FALSE
Tyler Cardenas,25,Male,9.593937003,102,51,84,52,TRUE
Julie Cline,26,Male,7.227463591,142,55,80,98,TRUE
Brittany Hanson,26,Female,8.103166166,119,51,73,95,FALSE
Blake Patel,30,Male,9.895574037,122,89,92,67,TRUE
Colin Cox,21,Female,8.578148757,122,60,82,52,TRUE
Dr. Vanessa Costa MD,25,Male,2.051172433,148,90,77,68,FALSE
Lauren Miles,42,Female,3.123889197,111,46,73,53,FALSE
Brett Davis,37,Male,4.252834164,80,84,45,59,TRUE
Lisa White,23,Female,6.189424542,106,62,57,66,TRUE
Richard Rodriguez,42,Female,7.077822011,141,66,51,74,TRUE
Brian Kane,23,Male,2.447481605,146,57,59,94,TRUE
Evan Jones,41,Male,1.183180078,103,60,93,48,TRUE
Ashley Perez,23,Female,6.132954139,87,52,99,83,TRUE
Brian Wolf,35,Male,2.834279314,84,78,77,66,TRUE
Stephanie Valdez,27,Male,9.498177638,117,62,54,54,TRUE
Heather Reyes,28,Female,2.573914772,114,71,90,65,TRUE
Shelly Moreno,43,Male,9.426898824,149,71,45,45,TRUE
Julie Perez,40,Male,9.06208467,110,87,77,75,TRUE
Paul Cole,21,Female,7.043146377,92,100,48,80,TRUE
Andrew Acevedo,24,Female,9.725215655,106,41,57,70,FALSE
Zachary Scott,29,Male,5.641153844,114,72,89,80,FALSE
William Barrett,43,Female,8.392703154,103,40,86,84,TRUE
Jacqueline Stevens,34,Male,7.148387464,130,43,65,83,TRUE
Jacob Mora,37,Female,8.642116485,106,47,67,79,FALSE
Travis Adams,18,Female,7.171176583,137,93,96,91,TRUE
Shari Barnes,41,Female,8.703527537,84,83,59,62,TRUE
Levi Harris,23,Female,8.21610326,117,59,41,74,TRUE
Nicholas Lowe,39,Female,5.512603852,133,64,41,68,TRUE
Sherri Snyder,45,Male,6.039060755,132,100,81,63,FALSE
Jessica Mitchell DVM,38,Female,1.892688237,81,51,93,90,FALSE
Lisa Martin,19,Male,3.781997297,88,69,54,97,FALSE
Dennis Salinas,28,Female,1.026224849,82,91,40,60,TRUE
Ethan Simmons,33,Female,3.673817479,122,78,78,100,TRUE
Corey Hicks,19,Female,6.968948663,85,95,79,51,TRUE
Dana Smith,18,Male,5.579571247,140,75,51,71,FALSE
Ruth Robinson,32,Female,5.756959456,141,41,95,51,TRUE
Richard Lopez,28,Female,4.913310969,103,76,62,80,FALSE
David Price,29,Female,2.171771195,110,75,84,58,TRUE
Michele Contreras,45,Female,2.765812092,148,86,40,49,FALSE
Mr. Trevor Robles DDS,34,Female,1.917417237,145,50,60,91,TRUE
Cassandra Olsen,45,Female,8.857382585,145,41,45,80,TRUE
Steven Adkins,41,Male,4.921469988,126,84,69,65,TRUE
Annette Flores,33,Female,1.383057983,126,65,41,86,TRUE
Gabriel Jones,37,Female,1.799238155,132,76,58,91,TRUE
Ms. Karen Hernandez,34,Female,8.096534766,122,66,76,64,TRUE
Frank Preston,45,Male,9.046924888,87,74,54,48,FALSE
Jill Conway,37,Male,4.919995383,129,54,68,97,FALSE
Richard Rios,39,Male,6.011374694,83,67,91,53,TRUE
April Flores MD,27,Male,1.186531451,116,99,72,70,TRUE
Jeffrey Williams,34,Male,8.438819927,104,68,64,59,FALSE
Michael Miller,42,Female,3.422336006,126,79,40,59,FALSE
Jocelyn Vance,32,Male,6.8605248,118,72,49,40,FALSE
Ryan Scott,44,Female,4.526069816,141,51,58,73,TRUE
Tamara Barnett,45,Male,5.438149271,123,75,95,65,TRUE
Tara West,40,Male,2.838011854,119,69,73,63,FALSE
William Williams,20,Male,4.105521506,120,46,49,98,TRUE
Daniel Hooper,26,Male,7.102824492,87,73,65,76,TRUE
Eric Perez,28,Male,4.524882466,139,100,47,69,FALSE
Christian White,37,Female,3.30319394,120,47,55,58,FALSE
Caitlin Hess,26,Female,3.126495039,104,96,62,42,FALSE
Mary Reid,18,Female,1.163289865,123,65,48,72,TRUE
Samuel Reynolds,43,Female,3.994587949,135,90,69,67,TRUE
Timothy Erickson,29,Male,7.259066838,100,61,70,84,TRUE
Ronnie Green,29,Male,1.912551873,140,74,81,95,TRUE
Thomas Olson,30,Male,1.417092065,104,57,51,72,TRUE
Patricia Jones,42,Female,5.719159223,90,62,69,83,FALSE
Jennifer Mcneil,28,Male,3.708427929,123,74,67,84,FALSE
Aimee Matthews,42,Female,6.72622485,83,100,54,97,FALSE
Donna Wilson,38,Male,6.124235886,149,52,47,80,FALSE
John Fernandez,32,Female,6.305497848,142,64,92,66,TRUE
Natalie Anderson,22,Female,1.453716543,81,75,60,59,TRUE
Mrs. Leslie Bailey,36,Male,4.568424877,137,55,77,90,FALSE
Rebecca Jenkins,34,Male,5.325323166,111,86,80,98,FALSE
Jimmy Walker,30,Male,7.135767825,106,41,59,79,FALSE
Charles Gutierrez,40,Female,7.10075161,83,41,84,53,FALSE
Todd Bond,18,Male,5.591151958,150,80,87,47,TRUE
Kyle Roberts,40,Female,5.576684953,85,92,40,54,FALSE
Rebecca Velasquez,34,Male,1.205309475,150,49,61,64,FALSE
Taylor English,19,Male,4.218499793,82,85,75,74,TRUE
Emily Haas,37,Female,6.968031837,101,66,42,80,TRUE
Molly Robertson,44,Female,8.618874439,97,74,89,97,FALSE
Richard Ramirez,36,Female,9.42849961,91,92,58,99,TRUE
Shannon Miller,41,Female,4.38562232,148,68,90,53,TRUE
Michael Russell,45,Female,7.899124404,115,74,55,64,FALSE
Scott Hammond,22,Female,3.226835246,124,100,62,82,TRUE
John Barry,36,Female,1.641193939,98,71,52,56,FALSE
Thomas Wilkerson,23,Male,1.456744063,90,44,43,58,FALSE
Phillip Rodriguez,44,Female,7.179557235,149,44,45,64,TRUE
Drew Roberts,35,Female,9.440847044,112,77,89,49,TRUE
Briana Hansen,21,Male,3.631969794,122,68,56,60,FALSE
Christopher Williams,18,Male,4.21517355,117,84,59,100,TRUE
Justin Wallace,26,Male,8.47778477,97,77,84,62,FALSE
Kevin Wilson,36,Female,4.017606107,97,63,55,70,TRUE
Joshua George,42,Female,6.260577761,143,69,62,55,FALSE
Melissa Cook,26,Female,8.839236583,92,72,49,65,FALSE
James Scott,20,Female,2.936123246,107,95,98,47,TRUE
Wayne Brown,28,Female,6.625619779,95,40,43,76,FALSE
April Hill,38,Male,4.556686009,80,45,90,86,TRUE
Thomas Preston,32,Male,6.60224274,123,93,69,72,FALSE
Robert Williams,24,Female,4.252925828,140,67,82,49,TRUE
Mr. Jonathan Smith,21,Male,4.233168196,114,60,99,42,TRUE
Janice Ballard,26,Male,4.54069533,102,96,100,76,TRUE
Karen West,40,Female,1.253073346,150,63,53,76,FALSE
Larry Franklin,23,Male,8.245596491,149,83,98,99,TRUE
Christopher Ortiz,27,Female,9.655851841,131,67,76,80,FALSE
Troy Warner,18,Female,6.916357894,130,62,67,71,FALSE
Karen Sanchez,29,Female,5.133912265,95,96,85,51,TRUE
David Harris,26,Female,1.198724666,99,69,93,78,TRUE
Eric Shaw,34,Male,9.866126445,146,82,96,79,FALSE
April Jones MD,36,Female,1.736291185,112,90,85,67,TRUE
Melvin Martinez,35,Male,8.997312982,116,53,74,73,TRUE
Taylor Meyer,22,Female,4.871654546,108,65,62,62,FALSE
Kevin Silva,24,Female,4.24450364,124,58,70,55,TRUE
Lisa Baker,36,Male,3.858113429,96,76,95,72,FALSE
Patricia Terrell,32,Female,1.812485737,138,58,52,50,FALSE
Brandi Harris,45,Female,5.421236667,98,51,76,80,FALSE
David Simpson,41,Female,5.900145584,132,97,49,95,FALSE
Danielle Boyle,36,Female,9.823552287,93,69,60,85,FALSE
Henry Nash,23,Male,5.527538888,124,83,59,100,TRUE
Heather Boyd,37,Female,7.523867802,120,74,88,74,FALSE
Michael Lozano,26,Female,5.672156609,137,82,67,56,FALSE
Robin Garcia,40,Female,9.670551205,116,51,58,76,FALSE
Stephen Robinson,32,Male,9.530408081,125,80,42,78,TRUE
Kyle Rodriguez,19,Female,7.423444891,134,58,81,77,FALSE
Melissa Joyce,39,Female,8.723499534,109,50,51,51,TRUE
Diane Johnson,31,Female,2.88890178,105,81,57,82,FALSE
Samantha Watson,25,Male,8.105995705,83,56,51,87,TRUE
David Cowan,19,Female,8.114051479,147,45,70,69,TRUE
Steven Beltran,38,Male,4.054951437,111,48,81,99,TRUE
Emily Rowe,39,Female,8.016610339,98,40,64,93,FALSE
Andrew Harrington,40,Male,8.992518524,117,68,69,77,TRUE
Mason Cruz,27,Female,1.549277638,115,49,76,81,TRUE
Brian Ortiz,44,Male,5.403402518,91,40,72,53,FALSE
Jeffery Rogers,32,Male,2.601113501,136,89,41,76,TRUE
Tara Moore,27,Female,5.280242782,139,70,64,94,TRUE
Brandy Solomon,20,Male,1.407887453,83,81,49,60,TRUE
Justin Myers,31,Male,7.111538439,118,60,59,91,TRUE
Benjamin Ashley,30,Male,5.629759032,87,92,80,59,TRUE
Brandon Hudson,29,Female,1.120048487,131,65,40,86,TRUE
Karen Rhodes,18,Female,6.481363109,101,73,77,46,TRUE
Bruce Stout,42,Male,8.665205413,145,61,83,69,FALSE
Steven Delgado,32,Female,7.449954971,102,71,85,71,FALSE
Raymond Moyer,19,Female,8.915989129,103,91,59,83,TRUE
Seth Anderson,32,Female,6.702194251,81,45,48,84,TRUE
Christopher Mendoza,36,Female,1.403924245,86,41,67,55,FALSE
Kendra Quinn,39,Male,2.650916162,144,85,61,98,TRUE
Anthony Ware,26,Male,2.816300634,84,71,84,55,TRUE
John Peterson,29,Female,9.649661133,114,80,77,94,FALSE
Danielle Shah,19,Male,1.180639493,89,66,82,79,TRUE
Andrea Hatfield,20,Male,7.986230469,115,83,73,79,TRUE
Steven Williams,19,Female,1.479629964,101,97,72,73,TRUE
Jeffrey Farmer,40,Male,6.517756351,113,75,51,66,FALSE
Jessica Rivers MD,22,Female,7.653760594,103,81,78,43,TRUE
Laura Adams,30,Female,7.841397246,93,51,64,47,FALSE
Lisa Rojas,33,Female,7.427143725,148,78,73,58,TRUE
Christian Riley,21,Male,3.706584837,134,80,89,99,FALSE
Kaylee Barrett,33,Female,1.221773728,108,75,100,78,FALSE
Brenda Crawford,45,Male,2.40184939,126,55,92,64,TRUE
Shannon Garcia,19,Male,2.996142886,85,92,48,56,TRUE
Brandy Townsend,44,Male,9.839482632,114,42,54,100,FALSE
Gabriel Sherman,45,Male,2.538249413,116,68,79,55,FALSE
Douglas Smith,29,Male,6.262967959,134,42,61,71,TRUE
Carol Riley,34,Male,5.144988614,148,70,61,44,FALSE
Rhonda Marquez,22,Male,4.769621452,106,42,88,49,FALSE
Holly Fox,26,Male,3.492192499,82,45,91,64,TRUE
David Gonzales,18,Female,8.177967672,82,65,70,97,FALSE
Ryan Hicks,45,Female,9.973428125,139,87,68,64,TRUE
Elizabeth Johnson,38,Male,5.481843531,125,98,57,55,FALSE
Mary Wilkins,44,Female,3.874166048,145,58,74,82,TRUE
Jennifer Moss,24,Male,9.689188168,144,60,52,60,TRUE
Paula Hart,20,Male,2.55807393,99,61,65,62,TRUE
Cory Molina,37,Female,3.369428822,116,54,55,73,FALSE
Heidi Roberson,34,Female,3.235374693,100,40,82,44,FALSE
Amy Young DVM,32,Male,6.070375114,105,97,44,76,TRUE
Jennifer Howard,43,Male,8.726059103,106,63,51,58,TRUE
Maria Cook,32,Female,5.658501631,81,89,64,66,FALSE
Michael Harris,28,Male,6.127883398,128,75,58,69,FALSE
Elizabeth Paul,24,Male,1.184772593,84,73,60,61,FALSE
Connie Miller,43,Female,9.107816572,105,97,59,54,TRUE
Eddie Perry,44,Female,9.090992763,111,98,51,66,TRUE
Jesse Brown,41,Female,8.251826914,148,52,59,69,TRUE
Christopher Perez,24,Female,9.310495855,89,96,84,54,FALSE
Nicholas George,29,Male,1.919758141,135,86,66,75,TRUE
Eric Hill,26,Male,1.855472496,140,76,92,90,TRUE
Kathleen Walker,21,Female,8.657451382,142,87,42,57,TRUE
George Cain,38,Male,4.553932067,112,73,93,85,TRUE
Jeremy Yang,35,Male,6.213816138,139,49,70,57,FALSE
Donald Jimenez,22,Male,5.73066996,100,87,54,90,FALSE
Christy Conner,24,Female,7.200442833,91,54,47,82,TRUE
Jamie Hardin,21,Male,2.483796282,109,72,43,82,FALSE
Samuel Perez,30,Male,1.690211372,124,85,70,90,TRUE
Austin Lewis,41,Female,4.901049515,91,55,76,40,FALSE
Ashley Jones,42,Female,9.426068112,115,68,66,44,FALSE
Brendan Duncan,39,Male,4.481500111,104,70,98,87,FALSE
Valerie Cook,36,Male,3.955143066,104,55,58,40,TRUE
Megan Anderson,36,Male,6.305724231,90,66,46,70,TRUE
Allen Miller,38,Male,3.949735844,101,77,43,46,TRUE
Daniel Garcia,36,Male,4.638405958,88,54,57,75,FALSE
Anna Stephens,40,Female,6.89944845,116,43,41,66,TRUE
Megan Thompson,42,Female,1.28078289,109,88,62,98,TRUE
Rebecca Allen,41,Female,7.138657264,84,81,67,95,FALSE
Melissa Whitney,39,Female,9.057880691,118,62,87,95,FALSE
Gerald Richard,36,Male,6.427317785,95,60,57,84,FALSE
Richard Lawrence,23,Male,2.65628644,97,100,42,85,FALSE
Jerry Smith,24,Male,9.869249259,112,85,43,83,TRUE
Matthew Francis,27,Female,3.676110832,123,56,54,74,TRUE
Dr. Sandra Castro MD,42,Male,8.461300765,114,85,70,94,FALSE
Darryl James,23,Male,5.615656838,136,64,77,80,FALSE
Richard Clayton,18,Female,2.440647966,93,97,79,52,TRUE
Tim Arroyo,33,Female,7.630392434,86,53,80,80,FALSE
Marissa Aguirre,36,Female,3.187404897,124,52,82,51,FALSE
Bradley Norris,30,Female,3.635704829,127,46,86,86,TRUE
Kerri Luna,30,Male,9.100712911,121,83,95,69,TRUE
Elizabeth Acosta,44,Male,1.371000393,133,87,53,75,TRUE
Tanya Robertson,27,Female,5.885046483,140,48,56,76,TRUE
Stephanie Harrell,22,Male,5.599995223,141,98,65,96,TRUE
Christopher Combs,24,Male,7.405704372,104,74,50,42,TRUE
Brian Alvarez,37,Female,1.096831916,102,63,61,98,FALSE
Elizabeth Matthews,45,Male,8.998331058,82,82,77,70,FALSE
Jason Humphrey,39,Female,8.079313485,94,74,65,83,FALSE
Alexis Espinoza,45,Female,7.215682034,110,75,46,98,TRUE
Brandon Douglas,32,Female,8.179300396,84,84,48,45,FALSE
Sandy Jones,31,Female,3.042474306,123,44,83,57,TRUE
Ruth Palmer,35,Male,1.460823787,141,85,90,42,TRUE
William Cortez,40,Male,5.061216475,99,55,62,82,TRUE
Mrs. Samantha Coleman,35,Male,8.287952554,131,97,98,95,FALSE
Matthew Jensen,35,Female,3.761004573,82,92,66,51,TRUE
Sarah Osborn,28,Male,5.804562419,144,82,81,91,TRUE
James Weiss,42,Male,4.904567883,129,80,68,62,FALSE
David Andrews,24,Female,8.552056187,101,88,74,52,FALSE
Henry Ramsey,18,Female,7.59560608,124,53,60,66,FALSE
Dustin Jones,30,Male,9.51996626,96,78,64,83,FALSE
Jeffrey Wilson,22,Male,2.548660212,145,40,86,100,TRUE
Drew Morgan,24,Male,8.486544735,127,81,47,85,FALSE
Beverly Golden,21,Female,2.629455769,106,54,86,96,TRUE
Maria Burns,26,Female,1.401281214,135,87,62,65,FALSE
Nichole Jones,30,Female,3.912741066,148,61,90,95,FALSE
Jordan Larson,43,Female,1.259503824,101,85,56,63,FALSE
Jay Jones,31,Female,6.573385808,115,50,70,57,FALSE
John Miller,23,Male,8.086826778,111,91,58,50,TRUE
Holly Williams MD,39,Male,6.614094867,147,40,48,54,FALSE
Jason Webb,20,Male,3.540724466,139,70,84,54,FALSE
Anna Davis,32,Male,5.895799321,145,83,71,82,TRUE
Stacy Thompson,29,Female,8.546743252,119,53,75,64,FALSE
Janice Smith,38,Female,6.626592095,123,68,70,96,TRUE
Amanda Jordan,27,Female,3.896797281,111,92,50,80,TRUE
Heather Dixon,29,Female,6.352940243,133,84,96,40,FALSE
Robert Perkins,27,Female,2.888577753,103,87,84,80,FALSE
Michelle Kerr,22,Male,2.498290313,85,100,89,86,FALSE
Amanda Roberts,26,Female,6.07197232,98,86,82,83,TRUE
Nicole Pierce,20,Male,1.470044878,101,94,90,56,TRUE
Ryan Gonzales,29,Female,9.362949691,143,99,71,62,TRUE
Jeremy Ramirez,20,Female,9.448527415,84,99,83,75,TRUE
Derek Schroeder,34,Male,6.889693291,87,42,40,79,TRUE
Justin Wilson,21,Male,9.504052348,92,52,98,81,TRUE
Stephanie Ruiz,44,Female,5.428074765,100,58,88,79,FALSE
Rachel Strickland,36,Female,2.617158544,104,40,67,61,FALSE
Scott Cannon,35,Female,5.691539499,145,99,73,93,TRUE
Robert Bennett,20,Female,8.50855847,86,79,64,59,FALSE
Erika Smith,45,Male,3.504498128,142,54,64,41,TRUE
Rachel Figueroa,25,Female,5.102977014,82,70,66,41,FALSE
Allen Green,37,Female,3.647004419,82,79,82,96,TRUE
Ellen White,36,Female,5.592867051,128,93,76,44,FALSE
Kelly Chan,36,Female,7.980365327,90,77,88,84,TRUE
Christopher Massey,26,Female,5.864118954,88,69,56,64,TRUE
Thomas Brown,31,Male,4.065316853,82,91,48,89,TRUE
Denise Mcclain,37,Female,6.602443806,147,88,54,82,FALSE
Stephanie Craig,23,Female,2.718399421,146,52,85,92,TRUE
Michele Moody,18,Male,4.599460363,114,77,94,50,TRUE
Caleb Peterson,43,Male,6.467466039,140,76,69,65,FALSE
Steven Johnson,26,Male,5.291491311,126,100,84,55,FALSE
Raymond Mills,20,Male,2.197345203,149,51,66,94,FALSE
Kimberly Stewart,29,Male,8.31606868,94,91,46,61,TRUE
Joshua Johnson,43,Female,7.298005952,115,68,73,66,TRUE
Cindy Smith,32,Female,6.410732302,124,56,80,77,TRUE
Eric Oconnell,18,Male,4.297756457,145,84,42,89,TRUE
Tina Lee,24,Male,7.326936749,102,53,67,72,TRUE
Allen Garcia,37,Female,2.828248719,110,75,56,97,FALSE
Sara Turner,30,Male,6.256652657,95,44,80,62,TRUE
Vincent Wright,31,Male,1.185433297,85,84,91,62,FALSE
Jacqueline Jensen,42,Male,6.455363342,91,86,77,60,FALSE
Allison Evans,31,Female,3.823762415,99,50,46,88,TRUE
Kara Stanton,41,Female,1.027680824,141,80,84,71,TRUE
Thomas Brown,34,Female,2.598462807,90,77,61,41,TRUE
Todd Park,31,Male,3.131056339,106,95,72,86,FALSE
Stephanie Johnson,45,Male,2.32267506,137,77,72,63,TRUE
Angela Johnson,24,Female,6.114407952,149,82,71,55,FALSE
Kyle Stevens,42,Male,3.471471304,126,68,48,44,FALSE
Jose Kim,36,Male,7.127722222,137,47,63,46,FALSE
Charles Higgins,26,Male,4.591535838,109,95,78,66,TRUE
Manuel Hill,19,Male,7.420538634,127,78,86,87,TRUE
Francis Rivera DVM,33,Male,2.376127442,138,66,68,98,FALSE
Allison Campbell,28,Female,2.234201428,100,46,94,79,TRUE
Bobby Thompson,31,Male,1.394228695,112,52,92,97,FALSE
Mary Brandt,45,Female,2.436833903,85,68,40,72,FALSE
Maria Davis,29,Female,7.16023218,145,52,58,52,TRUE
Lisa Murray,24,Male,5.82563829,102,84,87,84,TRUE
Richard Meyers,41,Female,8.650679571,121,42,96,99,FALSE
Justin Gross,25,Female,7.654677468,115,97,68,88,FALSE
Christina Miller,39,Female,1.045010411,109,45,74,67,FALSE
John Park,43,Male,8.31896549,131,62,72,44,TRUE
Gene Phillips,19,Male,7.985624563,147,91,43,45,FALSE
Richard Smith,26,Female,1.773936456,126,97,73,75,TRUE
Amy Mora,36,Female,1.912342505,84,59,75,48,FALSE
Shaun Butler,25,Male,7.457613998,119,87,81,90,TRUE
Steven Jackson,42,Male,7.460463119,100,98,72,85,FALSE
Isaiah David,38,Female,6.470436619,103,42,48,88,TRUE
Sarah Bass,38,Male,7.160358047,90,84,96,98,FALSE
Amber Lamb,32,Female,1.380924693,113,66,72,93,FALSE
Ashley Brown,45,Female,1.034382603,131,92,74,70,TRUE
Dr. Brent Flores,22,Female,5.066342751,133,73,44,60,TRUE
Samantha Owen,31,Female,5.401425382,128,55,93,85,FALSE
William Gray,42,Male,4.707485431,116,72,84,70,FALSE
Bob Sanders,29,Male,3.945042613,86,85,85,70,FALSE
Tyler Stewart,36,Female,5.215846824,130,93,46,57,TRUE
Robert Frazier,36,Female,3.964674059,144,45,78,100,FALSE
Jeffrey Anderson,41,Male,7.801817101,103,74,92,61,FALSE
Carla Lane,29,Male,6.627805447,122,50,51,51,TRUE
Erin Brown,21,Male,9.087250372,91,80,88,80,FALSE
Dennis Ruiz,34,Male,1.643762269,102,61,77,60,TRUE
Miranda Perez,20,Female,3.711757345,88,52,72,41,FALSE
Daryl Foley,38,Male,7.836847465,141,81,46,92,FALSE
Joshua Carter,26,Female,1.77702219,101,45,82,84,FALSE
Stephanie Becker,44,Male,4.903078998,142,49,64,61,FALSE
Jonathan Long,29,Female,4.525426884,100,64,72,63,FALSE
Michael Morgan,34,Female,9.049784786,129,70,91,40,FALSE
Jacob Cunningham,29,Male,5.942552873,108,68,100,98,TRUE
Brittany Matthews,39,Female,5.268965375,120,73,52,87,FALSE
Daniel Kramer,28,Female,9.840650166,106,74,82,55,TRUE
